customer_id,customer_name,email,city,state,signup_date,customer_segment
1,Aryan Maharaj,udantdewan@example.net,Kochi,Kerala,2023-04-25,VIP
2,Gagan Sami,balangirik@example.org,Chennai,Tamil Nadu,2023-09-08,VIP
3,Yashasvi Bala,onikannan@example.com,Nagpur,Maharashtra,2023-04-15,Regular
4,Abeer Dutta,roak@example.org,Bengaluru,Karnataka,2024-08-27,Regular
5,Gayathri Chaudry,raigunbir@example.com,Hyderabad,Telangana,2023-04-06,VIP
6,Aishani Bassi,hyadav@example.com,Jaipur,Rajasthan,2024-09-08,New
7,Chaaya Pathak,ekarajbath@example.net,Delhi,Delhi,2025-01-03,Regular
8,Bimala Buch,harrisonrai@example.com,Jaipur,Rajasthan,2024-03-05,VIP
9,Janya Gaba,isha34@example.net,Lucknow,Uttar Pradesh,2023-10-12,New
10,Onveer Walla,nihalshere@example.com,Mumbai,Maharashtra,2024-12-15,Regular
11,Theodore Nair,karnikazad@example.com,Chennai,Tamil Nadu,2023-06-09,VIP
12,Amrita Bhatti,divyakala@example.net,Pune,Maharashtra,2023-04-15,VIP
13,Meghana Shanker,alkadewan@example.org,Bengaluru,Karnataka,2024-01-03,Regular
14,Priya Rastogi,theodore28@example.com,Hyderabad,Telangana,2025-01-17,Regular
15,Champak Choudhary,nathanielsami@example.net,Bengaluru,Karnataka,2025-09-23,Regular
16,Lekha Raj,qwadhwa@example.net,Bengaluru,Karnataka,2024-07-19,Regular
17,Ishwar Yadav,harini14@example.com,Kochi,Kerala,2024-09-25,Regular
18,Sudiksha Aggarwal,xiti28@example.org,Pune,Maharashtra,2024-08-14,New
19,Yashica Issac,kashviedwin@example.net,Bengaluru,Karnataka,2023-02-16,Regular
20,Ekiya Suresh,choudhuryjanani@example.com,Bengaluru,Karnataka,2025-05-25,Regular
21,Dalbir Khosla,chadavedika@example.org,Bengaluru,Karnataka,2024-01-25,VIP
22,Kabir Soman,alkawable@example.net,Kochi,Kerala,2025-05-04,Regular
23,Siddharth Zacharia,devikarastogi@example.net,Pune,Maharashtra,2023-12-30,VIP
24,Raksha Varughese,pdara@example.org,Chennai,Tamil Nadu,2024-12-19,Regular
25,Hamsini Bail,thomasamble@example.org,Kochi,Kerala,2023-03-15,New
26,Veer Bir,narayananekavir@example.net,Nagpur,Maharashtra,2023-09-08,VIP
27,Arya Sunder,kevinsolanki@example.org,Kolkata,West Bengal,2023-10-04,Regular
28,Niharika Gupta,chatterjeeraagini@example.com,Jaipur,Rajasthan,2023-08-13,Regular
29,Nirja Sibal,chaudharidarsh@example.com,Hyderabad,Telangana,2023-08-23,Regular
30,Ikbal Kothari,ranveeryadav@example.com,Kolkata,West Bengal,2023-10-02,VIP
31,Pahal Goswami,turvi31@example.com,Lucknow,Uttar Pradesh,2025-06-16,Regular
32,Chandresh Zachariah,chanderwarjas@example.org,Delhi,Delhi,2024-11-02,Regular
33,Vedika Srivastava,nandinibhargava@example.org,Kochi,Kerala,2024-04-14,VIP
34,Aarnav Ramakrishnan,suhani46@example.net,Mumbai,Maharashtra,2023-09-10,Regular
35,Mohammed Gupta,teerth09@example.net,Nagpur,Maharashtra,2024-08-21,Regular
36,Dipta Bhandari,soodyadavi@example.net,Lucknow,Uttar Pradesh,2024-02-13,Regular
37,Dakshesh Trivedi,grewalekapad@example.net,Mumbai,Maharashtra,2024-06-05,Regular
38,Wahab Raval,koshybalveer@example.net,Hyderabad,Telangana,2025-05-31,New
39,Oni Virk,advika35@example.org,Kochi,Kerala,2023-06-13,Regular
40,Meghana Deep,tanvi51@example.org,Bengaluru,Karnataka,2024-01-30,Regular
41,Harish Borah,yashawinilanka@example.org,Jaipur,Rajasthan,2023-09-15,Regular
42,Ekapad Konda,bhavani27@example.net,Hyderabad,Telangana,2024-11-27,Regular
43,Abhiram Mistry,desaiaishani@example.org,Kochi,Kerala,2025-06-25,Regular
44,Nachiket Magar,shivansh53@example.net,Chennai,Tamil Nadu,2025-02-26,Regular
45,Yashasvi Suresh,charan16@example.com,Bengaluru,Karnataka,2023-10-28,Regular
46,Aarush Nath,adwetaedwin@example.net,Nagpur,Maharashtra,2025-06-15,Regular
47,Prisha Andra,borramanthan@example.net,Jaipur,Rajasthan,2025-02-19,New
48,Kala Divan,cdatta@example.com,Bengaluru,Karnataka,2025-06-10,Regular
49,Balveer Parmar,zaidchauhan@example.com,Kochi,Kerala,2024-06-03,Regular
50,Mohammed Khalsa,petersachar@example.org,Mumbai,Maharashtra,2024-01-18,Regular
51,Gaurangi Sabharwal,amaradutta@example.net,Jaipur,Rajasthan,2025-07-29,New
52,Lavanya Barad,mkapadia@example.com,Pune,Maharashtra,2024-05-15,VIP
53,Dalaja Kari,arjunhans@example.com,Pune,Maharashtra,2025-06-18,Regular
54,Arya Boase,indali86@example.net,Chennai,Tamil Nadu,2023-09-03,VIP
55,Ayaan D’Alia,pranav94@example.org,Lucknow,Uttar Pradesh,2025-08-27,New
56,Radha Pai,rajata98@example.org,Nagpur,Maharashtra,2024-05-12,Regular
57,Ranveer Kumar,sarinaarav@example.net,Jaipur,Rajasthan,2025-02-23,New
58,Januja Sankar,narayanandipta@example.net,Kochi,Kerala,2024-05-01,New
59,Charita Tripathi,nilima56@example.net,Jaipur,Rajasthan,2025-06-12,Regular
60,Joshua Handa,rraghavan@example.net,Delhi,Delhi,2025-08-09,Regular
61,Charvi Ravi,modibhavini@example.org,Nagpur,Maharashtra,2024-12-07,Regular
62,Ekanta Shroff,rsathe@example.org,Chennai,Tamil Nadu,2024-02-13,Regular
63,Omkaar Chad,yutika95@example.org,Ahmedabad,Gujarat,2025-07-10,Regular
64,Dayita Kar,mananbakshi@example.org,Bengaluru,Karnataka,2023-09-11,VIP
65,Vaishnavi Bora,osachdeva@example.net,Pune,Maharashtra,2023-01-22,Regular
66,Leena Talwar,jkohli@example.net,Delhi,Delhi,2023-01-08,VIP
67,Hredhaan Sandal,patrickvasa@example.com,Kochi,Kerala,2023-03-02,VIP
68,Zaid Dara,zdeol@example.com,Hyderabad,Telangana,2025-05-30,Regular
69,Saanvi Thaman,ksehgal@example.net,Jaipur,Rajasthan,2023-09-01,VIP
70,Shivani Lad,aradhanaverma@example.com,Ahmedabad,Gujarat,2023-08-08,Regular
71,Anvi Sarraf,mangalwahab@example.com,Lucknow,Uttar Pradesh,2024-08-13,Regular
72,Ekaja Zachariah,devimatthew@example.org,Ahmedabad,Gujarat,2025-04-06,Regular
73,Michael Kala,sachdevanikita@example.com,Bengaluru,Karnataka,2023-04-10,Regular
74,Ojasvi Bhatia,osharamachandran@example.net,Kolkata,West Bengal,2024-04-23,New
75,Lajita Sood,pandeychanchal@example.com,Kochi,Kerala,2024-10-23,New
76,Thomas Sura,anjalisarin@example.com,Kolkata,West Bengal,2025-01-15,Regular
77,Lopa Nayar,dgandhi@example.org,Bengaluru,Karnataka,2023-09-12,VIP
78,Meera Bala,sanghakrishna@example.com,Jaipur,Rajasthan,2024-04-04,VIP
79,Chandresh Lad,nnarang@example.com,Mumbai,Maharashtra,2023-10-13,Regular
80,Geetika Raghavan,oviya41@example.com,Bengaluru,Karnataka,2024-03-29,Regular
81,Charles Palla,ekapadbaria@example.org,Bengaluru,Karnataka,2023-02-21,Regular
82,Ryan Bahri,williamdate@example.com,Hyderabad,Telangana,2025-09-19,New
83,Tejas Shroff,jyoti29@example.net,Delhi,Delhi,2023-06-20,Regular
84,Nihal Mukhopadhyay,baldevika@example.net,Kolkata,West Bengal,2025-07-13,New
85,Mekhala Issac,kibeharsh@example.net,Kolkata,West Bengal,2023-01-03,Regular
86,Jai Barman,priya51@example.net,Ahmedabad,Gujarat,2023-10-20,Regular
87,Advik Salvi,bcherian@example.com,Jaipur,Rajasthan,2024-11-08,Regular
88,Michael Saran,anamikayohannan@example.com,Mumbai,Maharashtra,2023-07-14,VIP
89,Rajata Loyal,yatan14@example.com,Hyderabad,Telangana,2024-08-16,Regular
90,Ucchal Raghavan,ayush75@example.org,Hyderabad,Telangana,2025-02-04,Regular
91,Simon Pant,harini49@example.net,Hyderabad,Telangana,2024-08-21,Regular
92,Advaith Varughese,frederickkhurana@example.net,Jaipur,Rajasthan,2023-06-11,VIP
93,Vrinda Khosla,cswaminathan@example.org,Jaipur,Rajasthan,2023-03-24,New
94,Chaitaly Kant,tkohli@example.net,Bengaluru,Karnataka,2024-11-22,Regular
95,Urvashi Wali,pavani85@example.com,Kolkata,West Bengal,2023-05-03,Regular
96,Anika Mohan,vihaan13@example.com,Lucknow,Uttar Pradesh,2024-08-31,New
97,Qasim Handa,vedamalhotra@example.net,Bengaluru,Karnataka,2024-03-05,Regular
98,Harish Hari,utkarsh52@example.com,Pune,Maharashtra,2025-08-15,Regular
99,Jonathan Mahal,bhagatbrinda@example.net,Kochi,Kerala,2025-01-03,Regular
100,Vritti Chauhan,maneupasna@example.com,Chennai,Tamil Nadu,2024-02-10,VIP
101,Harini Gour,krishnanvanya@example.org,Kochi,Kerala,2023-11-04,Regular
102,Nandini Swamy,beramax@example.org,Bengaluru,Karnataka,2023-01-10,Regular
103,Frederick Kothari,sahaupkaar@example.net,Bengaluru,Karnataka,2023-03-17,Regular
104,Shravya Savant,pushti49@example.net,Mumbai,Maharashtra,2025-08-13,Regular
105,Hardik Johal,aishanibumb@example.org,Bengaluru,Karnataka,2025-06-19,Regular
106,Oscar Borde,aarnavrege@example.com,Chennai,Tamil Nadu,2023-06-11,Regular
107,Bishakha Bali,bhavyamandal@example.net,Chennai,Tamil Nadu,2024-09-18,Regular
108,Ekavir Kaur,rudra61@example.net,Kochi,Kerala,2024-06-25,New
109,Manthan Lata,ekbalbhasin@example.org,Jaipur,Rajasthan,2023-11-03,New
110,Bhavya Sarna,sidhudaksha@example.net,Mumbai,Maharashtra,2023-09-28,VIP
111,Anita Tella,fsarma@example.net,Bengaluru,Karnataka,2025-01-30,Regular
112,Rachana Naidu,atharv13@example.net,Chennai,Tamil Nadu,2023-10-16,Regular
113,Amruta Baria,upmavenkataraman@example.net,Delhi,Delhi,2024-12-04,Regular
114,Arunima Golla,fswamy@example.com,Chennai,Tamil Nadu,2024-06-01,Regular
115,Nilima Nath,henry25@example.com,Hyderabad,Telangana,2023-04-05,Regular
116,Bhavya Rattan,shagaurang@example.com,Hyderabad,Telangana,2023-01-04,VIP
117,Ekiya D’Alia,avarkey@example.net,Mumbai,Maharashtra,2024-10-14,Regular
118,Odika Bhagat,zarnapathak@example.net,Mumbai,Maharashtra,2025-01-29,Regular
119,Riya Behl,amaradeep@example.com,Nagpur,Maharashtra,2024-03-13,New
120,Vedhika Dara,khatrinathan@example.com,Nagpur,Maharashtra,2025-07-14,New
121,Nikita Chander,ishaanshenoy@example.org,Hyderabad,Telangana,2025-05-04,Regular
122,Wishi Manne,ojasvi77@example.org,Jaipur,Rajasthan,2023-06-01,New
123,Maanav Rajagopal,yashodadeshpande@example.org,Pune,Maharashtra,2025-07-09,Regular
124,Oeshi Oak,aarnav44@example.net,Hyderabad,Telangana,2025-07-09,Regular
125,Manthan Sekhon,vpai@example.net,Kochi,Kerala,2023-09-13,Regular
126,Tamanna Nagy,williamrajagopal@example.org,Jaipur,Rajasthan,2025-06-24,Regular
127,Caleb Nadkarni,yraj@example.net,Lucknow,Uttar Pradesh,2025-02-06,New
128,Warhi Bansal,yadavinarula@example.org,Delhi,Delhi,2025-06-04,New
129,Harish Vora,uaurora@example.org,Mumbai,Maharashtra,2025-06-21,Regular
130,Mohammed Borde,vlanka@example.net,Mumbai,Maharashtra,2025-01-24,Regular
131,Faris Narasimhan,onadig@example.net,Kolkata,West Bengal,2025-04-01,Regular
132,Balendra Biswas,bhavnakaran@example.net,Nagpur,Maharashtra,2025-04-10,Regular
133,Radha Chaudhari,sawhneyojas@example.net,Mumbai,Maharashtra,2025-03-17,Regular
134,Ayush Batra,daksh45@example.com,Kolkata,West Bengal,2025-06-12,New
135,Madhav Konda,kgole@example.org,Ahmedabad,Gujarat,2023-08-16,VIP
136,Lavanya Khosla,odhar@example.com,Ahmedabad,Gujarat,2023-12-25,VIP
137,Tripti Kumer,shroffbhavna@example.net,Delhi,Delhi,2023-08-17,VIP
138,Ethan Sathe,chandani64@example.com,Delhi,Delhi,2024-02-13,VIP
139,Rushil Rajagopalan,pchhabra@example.com,Bengaluru,Karnataka,2025-09-17,Regular
140,Chakrika Merchant,randhawaanvi@example.org,Pune,Maharashtra,2024-10-18,Regular
141,Watika Mangat,indirakanda@example.net,Kochi,Kerala,2025-10-01,Regular
142,Zashil Devan,baraldayamai@example.com,Pune,Maharashtra,2025-08-19,New
143,Janya Deep,merchanteta@example.net,Chennai,Tamil Nadu,2023-07-02,Regular
144,Parth Iyer,jasmitwali@example.net,Hyderabad,Telangana,2023-04-22,Regular
145,Nitesh Kurian,vmerchant@example.com,Pune,Maharashtra,2024-03-22,Regular
146,Upadhriti Borra,upkaarranganathan@example.net,Kolkata,West Bengal,2025-07-10,Regular
147,Gautam Rana,lallajatin@example.com,Chennai,Tamil Nadu,2023-02-15,New
148,Adweta Raj,hritik37@example.org,Jaipur,Rajasthan,2024-12-04,Regular
149,Timothy Bhatnagar,pmittal@example.com,Nagpur,Maharashtra,2025-01-24,Regular
150,Logan Bath,modiwaida@example.org,Pune,Maharashtra,2024-03-17,VIP
151,Wahab Yogi,lipikasetty@example.com,Kochi,Kerala,2025-07-31,Regular
152,Mohammed Sachdeva,surinikita@example.com,Pune,Maharashtra,2024-11-10,Regular
153,Kamala Kalla,psaxena@example.com,Nagpur,Maharashtra,2025-07-10,Regular
154,Jhalak Parmer,raoanya@example.org,Chennai,Tamil Nadu,2024-11-13,Regular
155,Suhani Chand,anshbedi@example.com,Kolkata,West Bengal,2024-12-14,Regular
156,Jeremiah Jha,johaltarak@example.org,Mumbai,Maharashtra,2023-07-16,Regular
157,Manbir Agate,maanav28@example.com,Kochi,Kerala,2025-02-05,Regular
158,Imaran Bal,alexanderparmar@example.org,Lucknow,Uttar Pradesh,2024-08-05,Regular
159,Amol Ghosh,charles26@example.net,Jaipur,Rajasthan,2025-05-03,New
160,Devansh Soni,gpathak@example.net,Chennai,Tamil Nadu,2023-08-04,Regular
161,Siya Thakur,calebverma@example.com,Kochi,Kerala,2023-11-26,Regular
162,Azaan Bhat,bratti@example.net,Delhi,Delhi,2024-06-07,Regular
163,Vritti Sawhney,buchekanta@example.net,Nagpur,Maharashtra,2023-06-23,Regular
164,Dominic Date,ekta69@example.net,Kochi,Kerala,2024-10-10,Regular
165,Sudiksha Tiwari,ychaudhary@example.net,Bengaluru,Karnataka,2025-04-18,Regular
166,Tanveer Sani,akari@example.com,Delhi,Delhi,2024-11-19,Regular
167,Mohini Sagar,munshiprisha@example.com,Delhi,Delhi,2023-05-31,VIP
168,Kavya Dua,fbhavsar@example.org,Delhi,Delhi,2024-05-01,Regular
169,Rachana Char,kalpit80@example.net,Ahmedabad,Gujarat,2024-02-29,Regular
170,Jason Roy,pallavi04@example.net,Nagpur,Maharashtra,2024-12-14,Regular
171,Indira Chawla,mohammedsubramaniam@example.org,Kolkata,West Bengal,2023-09-07,VIP
172,Inaya Pillai,mallickupkaar@example.com,Nagpur,Maharashtra,2023-01-06,Regular
173,Amara Balakrishnan,anjalimore@example.com,Bengaluru,Karnataka,2025-03-08,Regular
174,Abeer Golla,nandiniboase@example.org,Mumbai,Maharashtra,2025-04-03,Regular
175,Gavin Wali,krishasaini@example.com,Jaipur,Rajasthan,2024-04-20,VIP
176,Nakul Pingle,ekta99@example.org,Delhi,Delhi,2025-07-28,Regular
177,Nachiket Dugar,bumbanita@example.com,Ahmedabad,Gujarat,2023-05-17,Regular
178,Vedika Sathe,nmahajan@example.net,Jaipur,Rajasthan,2024-09-01,Regular
179,Hemani Sani,mandervidhi@example.net,Ahmedabad,Gujarat,2024-09-19,Regular
180,Chakradev Kannan,abhakta@example.org,Jaipur,Rajasthan,2024-03-12,Regular
181,Siddharth Devan,bimala51@example.org,Mumbai,Maharashtra,2025-01-31,Regular
182,Qushi Gill,lajitawalia@example.net,Ahmedabad,Gujarat,2023-09-23,Regular
183,Xiti Pandya,ranganathanbrijesh@example.com,Chennai,Tamil Nadu,2025-02-23,Regular
184,Tripti Brahmbhatt,pushti96@example.net,Ahmedabad,Gujarat,2024-10-03,Regular
185,Bimala Contractor,ubail@example.org,Ahmedabad,Gujarat,2023-03-21,Regular
186,Janaki Chakrabarti,pcherian@example.com,Pune,Maharashtra,2023-11-24,New
187,Farhan Randhawa,harinakshi35@example.org,Mumbai,Maharashtra,2023-08-25,New
188,Yashvi Comar,ikshitapanchal@example.net,Delhi,Delhi,2023-03-07,Regular
189,Warinder Chauhan,aahanahora@example.org,Ahmedabad,Gujarat,2024-03-01,VIP
190,Faqid Goel,wshetty@example.net,Kolkata,West Bengal,2024-02-03,Regular
191,Ekantika Mutti,riabir@example.com,Nagpur,Maharashtra,2023-01-21,Regular
192,Chavvi Maharaj,pandeyyashica@example.org,Kolkata,West Bengal,2024-05-03,VIP
193,Triya Seth,bhandarijyoti@example.com,Pune,Maharashtra,2023-11-02,Regular
194,Gautam Tripathi,lshere@example.net,Kolkata,West Bengal,2024-07-05,Regular
195,Shivani Guha,vamakshi82@example.org,Jaipur,Rajasthan,2025-03-30,Regular
196,Harshil Oza,thamanorinder@example.org,Delhi,Delhi,2024-05-14,VIP
197,Raksha Sarna,janujapradhan@example.com,Kolkata,West Bengal,2024-05-12,VIP
198,Nilima Nigam,nattdominic@example.com,Pune,Maharashtra,2024-11-15,Regular
199,Libni Mander,mason51@example.net,Kolkata,West Bengal,2025-01-11,New
200,Inaya Mukherjee,mdayal@example.net,Ahmedabad,Gujarat,2025-07-30,New
201,Dayita Puri,joshua81@example.net,Lucknow,Uttar Pradesh,2024-06-30,New
202,Yashoda Pathak,patildayamai@example.org,Kolkata,West Bengal,2024-08-29,Regular
203,Harita Sunder,upkaardevan@example.org,Hyderabad,Telangana,2023-03-27,New
204,Chakrika Chaudhuri,nayarkaran@example.net,Ahmedabad,Gujarat,2023-07-06,VIP
205,Mitesh Gaba,noahsarma@example.org,Kolkata,West Bengal,2023-12-02,VIP
206,Janya Khanna,wmane@example.net,Pune,Maharashtra,2023-12-12,Regular
207,Vivaan Walla,dayamaisingh@example.org,Kolkata,West Bengal,2023-09-16,Regular
208,Ridhi Shenoy,lavanya88@example.com,Nagpur,Maharashtra,2024-07-06,New
209,Ryan Devi,charles75@example.net,Pune,Maharashtra,2023-08-18,Regular
210,Zaitra Dash,fiyaz24@example.com,Kochi,Kerala,2023-02-11,Regular
211,Rajeshri Chand,shravyapalla@example.org,Delhi,Delhi,2025-05-09,New
212,Chatresh Randhawa,warinder61@example.com,Mumbai,Maharashtra,2023-09-02,VIP
213,Ayaan Nagar,nayakmadhav@example.org,Kochi,Kerala,2023-04-28,Regular
214,Bhavini Sodhi,upasnasen@example.net,Nagpur,Maharashtra,2023-09-20,New
215,Fariq Bahl,tanveer28@example.net,Lucknow,Uttar Pradesh,2025-09-13,Regular
216,Indrajit Mani,charvidara@example.org,Bengaluru,Karnataka,2025-03-07,Regular
217,Oni Shankar,choudhryxalak@example.net,Chennai,Tamil Nadu,2023-04-21,Regular
218,Yutika Khurana,bishakhasanghvi@example.org,Lucknow,Uttar Pradesh,2024-11-24,Regular
219,Wridesh Saha,frederickviswanathan@example.com,Kolkata,West Bengal,2024-02-11,New
220,Yashica Tripathi,ramakrishnanupma@example.org,Lucknow,Uttar Pradesh,2024-12-08,Regular
221,Kashvi Kulkarni,parikhekansh@example.com,Delhi,Delhi,2023-04-15,Regular
222,Hemang Natarajan,chaitanyapandey@example.net,Kochi,Kerala,2024-09-06,Regular
223,Parth Shetty,zgopal@example.org,Lucknow,Uttar Pradesh,2025-03-12,New
224,Tanvi Bansal,saksham03@example.org,Jaipur,Rajasthan,2024-03-14,New
225,Dayita Varma,qsolanki@example.org,Kochi,Kerala,2023-12-16,VIP
226,Bhavika Parikh,narulaanjali@example.org,Kolkata,West Bengal,2025-04-22,Regular
227,Rajeshri Ratta,vraju@example.org,Kolkata,West Bengal,2025-09-10,Regular
228,Widisha Pillai,fitan61@example.com,Ahmedabad,Gujarat,2024-12-25,New
229,Chaaya Nagi,buchfalak@example.net,Mumbai,Maharashtra,2025-01-21,Regular
230,Damini Sehgal,sganesan@example.com,Kochi,Kerala,2023-10-04,Regular
231,Sanya Basak,radhika40@example.org,Ahmedabad,Gujarat,2024-04-21,Regular
232,Januja Varghese,azaandhar@example.net,Chennai,Tamil Nadu,2023-11-27,Regular
233,Bakhshi Date,keerjeevika@example.com,Bengaluru,Karnataka,2023-10-13,Regular
234,Bachittar Dube,xprabhakar@example.com,Ahmedabad,Gujarat,2024-08-06,Regular
235,Laksh Wagle,mitali54@example.org,Kolkata,West Bengal,2023-12-11,VIP
236,Atharv Grewal,yvasa@example.net,Pune,Maharashtra,2023-07-06,Regular
237,Adweta Lad,nkala@example.com,Chennai,Tamil Nadu,2023-12-15,VIP
238,Ryan Das,ethanseth@example.org,Lucknow,Uttar Pradesh,2024-12-19,Regular
239,Gagan Nagarajan,dhruv88@example.com,Jaipur,Rajasthan,2023-01-11,New
240,Nakul Ghosh,yashoda31@example.org,Delhi,Delhi,2025-01-07,Regular
241,Warjas Tak,pateljyoti@example.com,Jaipur,Rajasthan,2025-02-15,Regular
242,Gabriel Bhatti,mitali78@example.com,Ahmedabad,Gujarat,2024-10-23,Regular
243,Ethan Dass,ethan77@example.net,Ahmedabad,Gujarat,2025-03-22,New
244,Kabir Gopal,rachitathakkar@example.org,Chennai,Tamil Nadu,2023-08-15,Regular
245,Zarna Dua,nitesh25@example.net,Kochi,Kerala,2024-08-18,Regular
246,Hiral Venkataraman,farhan43@example.net,Jaipur,Rajasthan,2024-06-27,Regular
247,Jeremiah Mitter,thakkarom@example.net,Nagpur,Maharashtra,2024-07-17,Regular
248,Onveer Nazareth,balakrishnanfinn@example.org,Nagpur,Maharashtra,2024-04-09,VIP
249,Shivansh Saha,tankbimala@example.net,Chennai,Tamil Nadu,2023-08-25,VIP
250,Vasudha Konda,dmishra@example.org,Delhi,Delhi,2023-11-20,VIP
251,Nakul Sarraf,dsule@example.org,Jaipur,Rajasthan,2025-08-31,Regular
252,Maanas Munshi,hemani62@example.com,Mumbai,Maharashtra,2023-07-16,VIP
253,Eiravati Khurana,rdas@example.com,Ahmedabad,Gujarat,2023-10-11,Regular
254,Lohit Chatterjee,mannanleena@example.net,Jaipur,Rajasthan,2024-09-03,Regular
255,Yuvraj Dutta,dhriti32@example.com,Bengaluru,Karnataka,2025-05-02,New
256,Wishi Morar,fbajaj@example.com,Delhi,Delhi,2024-01-05,VIP
257,Wridesh Kale,chanakya04@example.com,Hyderabad,Telangana,2024-12-26,Regular
258,Bhavika Yadav,chokshiraagini@example.org,Chennai,Tamil Nadu,2023-02-16,Regular
259,Jasmit Rau,chakradev60@example.net,Nagpur,Maharashtra,2025-08-24,New
260,Janani Mani,rajuyamini@example.com,Ahmedabad,Gujarat,2023-04-16,Regular
261,Jagat Dave,rameshkashvi@example.com,Ahmedabad,Gujarat,2024-05-05,New
262,Maanas Issac,ctella@example.org,Hyderabad,Telangana,2023-09-16,Regular
263,Laksh Nath,dvenkataraman@example.org,Bengaluru,Karnataka,2024-02-15,Regular
264,Falak Nagar,mayamistry@example.net,Kochi,Kerala,2023-02-24,VIP
265,Yashica Upadhyay,emistry@example.org,Lucknow,Uttar Pradesh,2025-08-29,Regular
266,Garima Choudhary,ymorar@example.net,Delhi,Delhi,2023-05-02,Regular
267,Urvi Lanka,charansrinivasan@example.org,Lucknow,Uttar Pradesh,2025-03-20,Regular
268,Manbir Kibe,choudharyrayaan@example.org,Jaipur,Rajasthan,2024-01-25,Regular
269,Dipta Sahota,nitarajani@example.com,Lucknow,Uttar Pradesh,2024-03-15,VIP
270,David Devi,ektasridhar@example.net,Lucknow,Uttar Pradesh,2023-03-03,Regular
271,Dipta Ghose,vwalia@example.net,Delhi,Delhi,2024-10-02,Regular
272,Aishani Sule,yatinmallick@example.net,Kochi,Kerala,2023-03-25,VIP
273,Umang Mishra,sarthak75@example.com,Mumbai,Maharashtra,2024-07-19,New
274,Anusha Mani,raghavanmegha@example.com,Hyderabad,Telangana,2024-02-23,Regular
275,Bina Basak,farhan57@example.net,Chennai,Tamil Nadu,2023-02-03,VIP
276,Varenya Kala,anikamagar@example.org,Nagpur,Maharashtra,2023-10-17,Regular
277,Wriddhish Kibe,waliupkaar@example.net,Kochi,Kerala,2023-08-28,Regular
278,Charles Chaudhry,tnarayanan@example.com,Kochi,Kerala,2024-08-26,Regular
279,Laksh Ahluwalia,niharikasoni@example.com,Delhi,Delhi,2024-03-11,VIP
280,Bhavna Nagi,daniel19@example.org,Delhi,Delhi,2024-10-25,New
281,Parth Sahni,balhaarranganathan@example.com,Chennai,Tamil Nadu,2025-04-26,New
282,Bimala Barad,misrahredhaan@example.com,Hyderabad,Telangana,2023-06-19,Regular
283,Suhani Viswanathan,gdesai@example.com,Lucknow,Uttar Pradesh,2025-08-01,Regular
284,Reyansh Chowdhury,nicholas74@example.net,Bengaluru,Karnataka,2024-04-24,Regular
285,Akshay Nazareth,reyansh29@example.net,Chennai,Tamil Nadu,2024-05-27,Regular
286,Prisha Varma,gabriel61@example.org,Lucknow,Uttar Pradesh,2023-02-10,Regular
287,Vansha Naik,abeerlal@example.com,Lucknow,Uttar Pradesh,2023-09-14,VIP
288,Sanya Loke,chasmum99@example.org,Delhi,Delhi,2025-09-11,Regular
289,Jagvi Keer,daniudyati@example.com,Lucknow,Uttar Pradesh,2024-08-24,Regular
290,Nidra Thakkar,jacob45@example.net,Kochi,Kerala,2025-04-21,Regular
291,Theodore Deol,ddua@example.net,Hyderabad,Telangana,2025-02-20,Regular
292,Ojasvi Sinha,yugbumb@example.net,Ahmedabad,Gujarat,2024-06-15,Regular
293,Janaki Brahmbhatt,bhatiayashasvi@example.org,Chennai,Tamil Nadu,2023-07-05,Regular
294,Nitesh Narang,rdada@example.org,Ahmedabad,Gujarat,2025-09-19,New
295,Gavin Uppal,dbhakta@example.org,Pune,Maharashtra,2024-02-23,VIP
296,Tanmayi Bhardwaj,umorar@example.org,Kochi,Kerala,2023-04-18,Regular
297,Aachal Aggarwal,elijahbath@example.com,Nagpur,Maharashtra,2024-05-22,VIP
298,Devansh Bhasin,sodhiazad@example.com,Kolkata,West Bengal,2025-04-13,Regular
299,Pranit Deshmukh,yprasad@example.com,Hyderabad,Telangana,2024-04-10,VIP
300,Keya Buch,ijayadani@example.org,Chennai,Tamil Nadu,2023-11-28,VIP
301,Joshua Kapoor,bajajchanchal@example.com,Kolkata,West Bengal,2025-06-04,Regular
302,Ladli Karpe,trivenipal@example.org,Hyderabad,Telangana,2024-11-04,Regular
303,Ranbir Chowdhury,sainiamol@example.org,Ahmedabad,Gujarat,2024-02-28,VIP
304,Ekalinga Chaudhuri,sekhonchanakya@example.org,Jaipur,Rajasthan,2024-01-06,Regular
305,Neelima Sarna,teerthbhalla@example.org,Ahmedabad,Gujarat,2025-02-17,New
306,Vivaan Nagar,warjas42@example.net,Chennai,Tamil Nadu,2024-07-16,New
307,Odika Mital,darsh89@example.net,Chennai,Tamil Nadu,2024-03-24,Regular
308,Prisha Tandon,padmanabhanlakshmi@example.net,Hyderabad,Telangana,2025-09-23,Regular
309,Omaja Rege,charitapuri@example.org,Delhi,Delhi,2024-12-27,New
310,Wridesh Kar,maanas70@example.net,Jaipur,Rajasthan,2023-01-15,New
311,Omaja Wagle,lipikakibe@example.com,Bengaluru,Karnataka,2024-04-17,Regular
312,Ganga Brar,fprabhakar@example.net,Mumbai,Maharashtra,2024-05-25,Regular
313,Charan Loyal,ebaral@example.org,Nagpur,Maharashtra,2023-10-07,Regular
314,Varenya Joshi,chavvi03@example.org,Ahmedabad,Gujarat,2023-09-07,New
315,Varenya Kibe,mekhalakhatri@example.net,Delhi,Delhi,2025-08-01,Regular
316,Barkha Rai,pwalla@example.com,Nagpur,Maharashtra,2025-06-19,New
317,Advika Parsa,gshukla@example.net,Bengaluru,Karnataka,2023-10-10,Regular
318,Ekaja Jani,dhriti60@example.net,Pune,Maharashtra,2025-08-14,Regular
319,Madhav Babu,omisha42@example.org,Chennai,Tamil Nadu,2025-04-20,New
320,Victor Raghavan,xalaknazareth@example.com,Nagpur,Maharashtra,2023-11-02,Regular
321,Vritti Sharma,indiragara@example.org,Kochi,Kerala,2024-05-16,Regular
322,Qarin Bhargava,bordechanakya@example.org,Ahmedabad,Gujarat,2023-12-20,VIP
323,Laksh Kashyap,doraaditya@example.org,Jaipur,Rajasthan,2024-01-22,Regular
324,Kashvi Bhasin,bsura@example.org,Delhi,Delhi,2025-10-01,Regular
325,Advik Badal,bhavini08@example.net,Lucknow,Uttar Pradesh,2024-01-28,VIP
326,Praneel Chhabra,viswanathanmanthan@example.org,Kolkata,West Bengal,2023-02-14,VIP
327,Zayyan Pandya,mekhala15@example.com,Ahmedabad,Gujarat,2024-12-23,Regular
328,Yagnesh Kara,faris01@example.com,Kolkata,West Bengal,2024-01-31,Regular
329,Krishna Soni,andraonveer@example.org,Kochi,Kerala,2025-10-01,New
330,Radha Narula,wablebrijesh@example.org,Hyderabad,Telangana,2023-05-10,Regular
331,Vaishnavi Madan,bordeavni@example.net,Bengaluru,Karnataka,2025-06-14,Regular
332,Praneel Murty,johalmaanas@example.net,Bengaluru,Karnataka,2024-06-22,Regular
333,Faraj Mistry,wrideshramachandran@example.net,Hyderabad,Telangana,2025-01-09,New
334,Leena Dey,tellahiral@example.org,Kochi,Kerala,2025-09-20,New
335,Rajeshri Kata,oakmekhala@example.com,Ahmedabad,Gujarat,2025-03-11,Regular
336,Anjali Seshadri,wkari@example.net,Pune,Maharashtra,2024-09-30,Regular
337,Rachana Grewal,xchada@example.net,Kochi,Kerala,2023-03-24,Regular
338,Yatin Borah,loyalmitesh@example.com,Jaipur,Rajasthan,2024-01-25,Regular
339,Lopa Nadig,hredhaan10@example.com,Ahmedabad,Gujarat,2025-06-12,Regular
340,Jagvi Madan,deogagan@example.org,Lucknow,Uttar Pradesh,2023-03-12,VIP
341,Saumya Vala,bchauhan@example.org,Kochi,Kerala,2025-08-01,Regular
342,Girik Nair,sarora@example.com,Delhi,Delhi,2025-02-03,New
343,Frado Kibe,lajitagara@example.org,Bengaluru,Karnataka,2025-02-17,Regular
344,Charvi Loyal,edhingra@example.org,Bengaluru,Karnataka,2024-03-30,VIP
345,Anya Sama,veda15@example.com,Chennai,Tamil Nadu,2025-07-14,New
346,Warhi Hayre,ichhabra@example.com,Pune,Maharashtra,2025-03-26,New
347,Meghana Natarajan,cnarayan@example.com,Pune,Maharashtra,2024-01-19,Regular
348,Laban Mital,sai75@example.org,Kolkata,West Bengal,2024-08-02,Regular
349,Eiravati Manne,ukibe@example.com,Mumbai,Maharashtra,2023-06-24,VIP
350,Maya Patla,iyengarpranit@example.net,Lucknow,Uttar Pradesh,2025-06-10,Regular
351,Triya Kadakia,smanne@example.org,Kochi,Kerala,2023-09-04,Regular
352,Xalak Dewan,wyatt42@example.net,Delhi,Delhi,2024-04-17,Regular
353,Krishna Borah,lsrinivas@example.com,Kochi,Kerala,2023-01-10,Regular
354,Balhaar Parsa,choprayuvraj@example.net,Chennai,Tamil Nadu,2024-11-24,Regular
355,Ojas Basu,ynarula@example.com,Bengaluru,Karnataka,2024-03-28,Regular
356,Advaith Chaudhari,tristan88@example.net,Chennai,Tamil Nadu,2024-10-16,Regular
357,Sanaya Prasad,xsheth@example.net,Nagpur,Maharashtra,2023-09-14,Regular
358,Hemani Bakshi,scheema@example.com,Kolkata,West Bengal,2025-05-23,Regular
359,Jack Dhar,devika57@example.org,Delhi,Delhi,2024-01-26,Regular
360,Ijaya Soni,sarmasneha@example.com,Nagpur,Maharashtra,2023-10-30,VIP
361,Charita Basu,bajajhemal@example.net,Kochi,Kerala,2024-02-10,VIP
362,Nitesh Kohli,nathanielnarayanan@example.net,Lucknow,Uttar Pradesh,2025-06-04,Regular
363,Turvi Kata,lgour@example.net,Nagpur,Maharashtra,2025-09-23,New
364,Meghana Balakrishnan,shivanisanghvi@example.com,Lucknow,Uttar Pradesh,2025-02-02,Regular
365,Tanish Jha,dev91@example.net,Chennai,Tamil Nadu,2025-03-05,Regular
366,Jasmit Nanda,tanvicomar@example.com,Lucknow,Uttar Pradesh,2025-04-01,Regular
367,Dhriti Rama,wcomar@example.com,Kochi,Kerala,2023-07-14,Regular
368,Orinder Mishra,desaidhriti@example.org,Nagpur,Maharashtra,2025-02-24,Regular
369,Dalaja Dada,kashvidhaliwal@example.net,Mumbai,Maharashtra,2024-10-05,New
370,Omya Devi,lsampath@example.com,Kochi,Kerala,2024-10-23,New
371,Ojas Suri,logan25@example.com,Ahmedabad,Gujarat,2023-02-04,Regular
372,Jagrati Andra,mdeshpande@example.com,Bengaluru,Karnataka,2025-07-20,Regular
373,Nilima Swamy,fsawhney@example.org,Nagpur,Maharashtra,2024-03-01,VIP
374,Azaan Kannan,bachittar43@example.net,Mumbai,Maharashtra,2025-03-16,Regular
375,Om Shankar,hvaidya@example.net,Pune,Maharashtra,2024-06-27,Regular
376,Amrita Peri,sastrytejas@example.com,Chennai,Tamil Nadu,2025-04-30,New
377,Yug Mishra,senguptaadya@example.com,Ahmedabad,Gujarat,2025-09-17,Regular
378,Reva Dalal,shauryapanchal@example.net,Nagpur,Maharashtra,2025-06-10,Regular
379,Noah Dewan,samuelbhargava@example.net,Bengaluru,Karnataka,2024-04-24,New
380,Avni Yohannan,ekiyamaster@example.com,Delhi,Delhi,2025-05-30,Regular
381,Yoshita Chandran,nishabhargava@example.com,Kochi,Kerala,2025-09-30,Regular
382,Kevin Krish,ekantakota@example.net,Jaipur,Rajasthan,2024-01-10,VIP
383,Vrishti Dhar,oeshi67@example.org,Kolkata,West Bengal,2023-01-15,VIP
384,Neha Varma,jyoti77@example.com,Bengaluru,Karnataka,2024-04-10,Regular
385,Girik Shanker,dev86@example.org,Chennai,Tamil Nadu,2024-08-21,Regular
386,Siddharth Talwar,ekantika45@example.net,Kochi,Kerala,2025-08-20,Regular
387,Vedhika Oza,batrahardik@example.net,Kochi,Kerala,2023-08-28,Regular
388,Amol Dash,ridhishan@example.org,Jaipur,Rajasthan,2023-12-02,Regular
389,Samaksh Deo,nathan41@example.net,Bengaluru,Karnataka,2024-10-12,Regular
390,Zashil Butala,noah06@example.net,Nagpur,Maharashtra,2023-11-06,New
391,Vivaan Sanghvi,chandranaarav@example.org,Hyderabad,Telangana,2025-08-26,New
392,Faras Deo,zilmilsaxena@example.org,Ahmedabad,Gujarat,2023-04-29,VIP
393,Hemal Dara,edeo@example.org,Jaipur,Rajasthan,2023-05-19,Regular
394,Leela Chakraborty,chauhandhriti@example.com,Nagpur,Maharashtra,2024-12-14,Regular
395,Laksh Raja,lukebiswas@example.net,Kolkata,West Bengal,2024-08-24,Regular
396,Nitesh Sarraf,tanay26@example.net,Mumbai,Maharashtra,2025-06-25,Regular
397,Teerth Chadha,deyjatin@example.net,Bengaluru,Karnataka,2025-05-03,Regular
398,Indali Sanghvi,logan34@example.net,Kolkata,West Bengal,2025-08-19,Regular
399,Yuvraj Mane,mitrasamesh@example.net,Hyderabad,Telangana,2024-12-07,Regular
400,Manya Merchant,khatriwarda@example.com,Ahmedabad,Gujarat,2024-03-31,Regular
401,Wridesh Tata,wableadvik@example.com,Bengaluru,Karnataka,2025-10-01,Regular
402,Kevin Ram,ipau@example.net,Jaipur,Rajasthan,2025-07-12,Regular
403,Urishilla Bora,birakshay@example.com,Pune,Maharashtra,2023-03-04,New
404,Balveer Bhasin,stoor@example.net,Bengaluru,Karnataka,2025-08-29,Regular
405,Pallavi Ratti,yadavmichael@example.com,Ahmedabad,Gujarat,2023-04-04,Regular
406,Dayita Brar,nachiketyadav@example.com,Lucknow,Uttar Pradesh,2025-09-21,New
407,Dominic Mukherjee,dkhare@example.org,Pune,Maharashtra,2023-09-07,Regular
408,Radha D’Alia,tbhakta@example.net,Delhi,Delhi,2023-03-12,Regular
409,Jagdish Arora,advaygade@example.com,Lucknow,Uttar Pradesh,2023-08-10,Regular
410,Zansi Lad,kamyadate@example.net,Mumbai,Maharashtra,2025-03-18,Regular
411,Jacob Balan,pushti48@example.org,Hyderabad,Telangana,2023-10-11,New
412,Faraj Taneja,xvaidya@example.org,Mumbai,Maharashtra,2024-07-07,Regular
413,Ojas Pillai,aadhyachauhan@example.net,Mumbai,Maharashtra,2023-04-23,New
414,Vedant Upadhyay,basuadvik@example.org,Hyderabad,Telangana,2024-01-02,Regular
415,Urmi Patla,ldoctor@example.org,Pune,Maharashtra,2023-01-17,VIP
416,Udarsh Nagy,omajanagarajan@example.com,Hyderabad,Telangana,2023-05-10,Regular
417,Kashish Dar,golaudant@example.net,Nagpur,Maharashtra,2023-03-07,Regular
418,Nandini Biswas,xmandal@example.com,Jaipur,Rajasthan,2024-08-30,New
419,Gabriel Shan,pillaysai@example.com,Jaipur,Rajasthan,2023-08-15,New
420,Xavier Shetty,wakeeta38@example.org,Kochi,Kerala,2024-06-17,Regular
421,Abeer Rout,kaulhiral@example.net,Kochi,Kerala,2025-09-14,New
422,Gautami Agarwal,gmohanty@example.org,Ahmedabad,Gujarat,2025-05-17,Regular
423,Oni Swamy,dharati@example.org,Kochi,Kerala,2023-04-21,Regular
424,Vincent Venkatesh,dpradhan@example.net,Bengaluru,Karnataka,2025-07-09,New
425,Girish Tiwari,meeraborde@example.net,Lucknow,Uttar Pradesh,2023-06-01,VIP
426,Radhika De,bishakhalal@example.com,Chennai,Tamil Nadu,2024-10-01,Regular
427,Eta Nadkarni,omagar@example.org,Jaipur,Rajasthan,2024-12-30,Regular
428,Laban Chopra,hiteshgala@example.com,Lucknow,Uttar Pradesh,2024-06-27,Regular
429,Dipta Ray,wasonishita@example.org,Jaipur,Rajasthan,2024-09-11,Regular
430,Darika Sheth,jagdish12@example.net,Nagpur,Maharashtra,2023-04-28,Regular
431,Banjeet Kale,manbir13@example.com,Jaipur,Rajasthan,2025-01-08,Regular
432,Yochana Bawa,abha20@example.com,Kolkata,West Bengal,2024-04-07,Regular
433,Zaid Chandra,zchaudry@example.org,Ahmedabad,Gujarat,2024-02-13,New
434,Advik Bhatia,kalpithora@example.com,Kolkata,West Bengal,2023-11-17,Regular
435,Frado Lad,bainsdhruv@example.org,Mumbai,Maharashtra,2024-12-04,Regular
436,Kabir Chanda,jason07@example.org,Bengaluru,Karnataka,2023-04-04,New
437,Rachita Rana,ybalan@example.net,Bengaluru,Karnataka,2025-02-01,Regular
438,Orinder Pandya,rachitmaharaj@example.com,Mumbai,Maharashtra,2024-07-23,New
439,Manthan Banerjee,chakrikatara@example.com,Jaipur,Rajasthan,2024-07-29,Regular
440,Darsh Chahal,leela26@example.org,Bengaluru,Karnataka,2024-02-25,Regular
441,Anirudh Raja,varsha87@example.com,Kolkata,West Bengal,2025-06-07,Regular
442,Lipika Madan,atharvnagar@example.net,Hyderabad,Telangana,2025-09-18,Regular
443,Ayushman Mand,sodhiishita@example.net,Chennai,Tamil Nadu,2023-12-27,VIP
444,Nathaniel Chaudhry,wrideshlata@example.net,Jaipur,Rajasthan,2023-08-06,VIP
445,Theodore Rama,oscar23@example.net,Ahmedabad,Gujarat,2023-08-18,Regular
446,Jagrati Bala,lucky93@example.com,Jaipur,Rajasthan,2024-01-12,VIP
447,Parth Swaminathan,chanadaksh@example.org,Chennai,Tamil Nadu,2024-08-10,Regular
448,Anmol Vyas,vacharya@example.net,Kolkata,West Bengal,2025-05-15,Regular
449,Kalpit Oak,ekiyabhargava@example.org,Lucknow,Uttar Pradesh,2024-09-20,Regular
450,Lucky Choudhry,elijah56@example.net,Jaipur,Rajasthan,2023-01-27,Regular
451,Gayathri Mittal,laban26@example.net,Nagpur,Maharashtra,2023-10-01,VIP
452,Edhitha Ghosh,udant92@example.com,Chennai,Tamil Nadu,2024-12-20,Regular
453,Chaitaly Datta,aaravraman@example.net,Pune,Maharashtra,2023-12-26,VIP
454,Qabil Nadkarni,hemangtaneja@example.org,Mumbai,Maharashtra,2024-08-02,Regular
455,Faras Khanna,ekaja21@example.net,Bengaluru,Karnataka,2023-05-26,Regular
456,Sanya Apte,shaurya31@example.com,Bengaluru,Karnataka,2025-02-03,Regular
457,Hritik Agarwal,rajuraksha@example.net,Kolkata,West Bengal,2024-03-05,New
458,Ojas Sachdev,wradhakrishnan@example.net,Chennai,Tamil Nadu,2025-01-08,Regular
459,Harrison Srinivas,nicholasseth@example.org,Lucknow,Uttar Pradesh,2024-09-02,New
460,Chaitaly Bahri,advika11@example.com,Hyderabad,Telangana,2023-06-09,VIP
461,Keya Dyal,chanderhamsini@example.net,Lucknow,Uttar Pradesh,2023-02-20,Regular
462,Azaan Sankar,radhadugar@example.org,Kochi,Kerala,2024-03-10,Regular
463,Garima Jha,nimratzachariah@example.com,Chennai,Tamil Nadu,2023-08-09,New
464,Chameli Khanna,bawamaya@example.net,Kolkata,West Bengal,2023-04-24,VIP
465,Mitesh Bhagat,aarush61@example.com,Kochi,Kerala,2024-08-30,Regular
466,Ryan Chatterjee,jhaverionkar@example.net,Kochi,Kerala,2023-11-12,VIP
467,Finn Solanki,morarmitali@example.com,Kolkata,West Bengal,2024-09-05,New
468,Alka Chand,xgoyal@example.com,Delhi,Delhi,2023-11-05,Regular
469,Rachit Sehgal,lallria@example.com,Chennai,Tamil Nadu,2023-10-24,VIP
470,Upkaar Luthra,doragunbir@example.org,Hyderabad,Telangana,2024-05-24,New
471,Odika Karan,ramomya@example.net,Kolkata,West Bengal,2024-06-29,Regular
472,Warinder Soni,farhan60@example.net,Jaipur,Rajasthan,2024-07-26,Regular
473,Jai Sen,oliverkakar@example.org,Pune,Maharashtra,2023-03-15,Regular
474,Brijesh Sampath,saransaksham@example.net,Kolkata,West Bengal,2023-01-20,New
475,Aarna Nagarajan,chahallipika@example.net,Pune,Maharashtra,2024-08-12,Regular
476,Eshana Majumdar,yarora@example.net,Kolkata,West Bengal,2024-12-27,Regular
477,Isaiah Sachdeva,manbirchaudhry@example.org,Chennai,Tamil Nadu,2023-04-28,Regular
478,Bhavika Wason,nirja46@example.net,Mumbai,Maharashtra,2025-03-31,Regular
479,Urvashi Barad,anyarau@example.org,Ahmedabad,Gujarat,2025-05-01,Regular
480,Balvan Randhawa,wazir07@example.com,Pune,Maharashtra,2023-04-01,New
481,Anmol Nazareth,deepa47@example.net,Kolkata,West Bengal,2024-08-26,Regular
482,Vedant Desai,saanvi54@example.net,Bengaluru,Karnataka,2024-02-10,Regular
483,Gaurav Guha,akakar@example.net,Delhi,Delhi,2023-12-08,New
484,Zaitra Prakash,varmanathan@example.org,Kochi,Kerala,2023-04-27,New
485,Yashawini Raval,ayushghose@example.org,Pune,Maharashtra,2023-12-26,Regular
486,Dalbir Krish,shanchandresh@example.com,Mumbai,Maharashtra,2023-08-30,VIP
487,Anusha Pillay,ztiwari@example.net,Chennai,Tamil Nadu,2023-07-22,VIP
488,Azaan Khurana,vrinda97@example.org,Mumbai,Maharashtra,2025-02-17,Regular
489,Inaya Padmanabhan,aarnachana@example.com,Bengaluru,Karnataka,2023-07-01,Regular
490,Libni Bawa,tanishkant@example.net,Ahmedabad,Gujarat,2025-02-11,Regular
491,Samuel Luthra,bvarghese@example.net,Lucknow,Uttar Pradesh,2024-04-04,Regular
492,Urvi Deo,abhiramkapur@example.com,Kochi,Kerala,2024-10-12,Regular
493,Anvi Sampath,dpalla@example.com,Pune,Maharashtra,2025-06-03,Regular
494,Unnati Mittal,achaudry@example.net,Pune,Maharashtra,2023-06-04,Regular
495,Barkha Misra,subramaniamdevansh@example.com,Kochi,Kerala,2023-11-07,Regular
496,Ekta Malhotra,chanchal32@example.net,Pune,Maharashtra,2024-06-03,New
497,Dakshesh Raval,logan07@example.com,Ahmedabad,Gujarat,2024-04-07,VIP
498,Omya Ravel,lbanik@example.net,Pune,Maharashtra,2025-05-01,Regular
499,Hemal Kapadia,gparmer@example.com,Kochi,Kerala,2025-06-03,Regular
500,Pratyush Memon,sinhakabir@example.net,Bengaluru,Karnataka,2024-09-21,Regular
501,Qadim Nayak,kapadiaisha@example.org,Kolkata,West Bengal,2024-04-18,Regular
502,Osha Narula,abha94@example.com,Nagpur,Maharashtra,2025-07-06,New
503,Upma Bera,sodhirobert@example.net,Lucknow,Uttar Pradesh,2024-10-29,New
504,Lakshmi Wagle,odika02@example.org,Lucknow,Uttar Pradesh,2024-05-02,Regular
505,Hema Rout,udhar@example.net,Ahmedabad,Gujarat,2023-04-16,Regular
506,Faris Sura,peter50@example.org,Nagpur,Maharashtra,2023-03-28,New
507,Anusha Kadakia,nathansuri@example.org,Delhi,Delhi,2024-12-25,Regular
508,Radha Sanghvi,esanghvi@example.com,Ahmedabad,Gujarat,2024-06-20,Regular
509,Baljiwan Walla,kashviatwal@example.com,Mumbai,Maharashtra,2024-01-08,Regular
510,Andrew Agrawal,upkaarpadmanabhan@example.com,Kolkata,West Bengal,2025-03-04,Regular
511,Harshil Rajagopal,oliver10@example.com,Lucknow,Uttar Pradesh,2023-02-23,Regular
512,Tamanna Venkatesh,radha25@example.com,Bengaluru,Karnataka,2023-12-04,VIP
513,Raghav Gala,obahl@example.org,Kochi,Kerala,2024-01-31,VIP
514,Siddharth Bains,jatinperi@example.net,Nagpur,Maharashtra,2025-05-22,Regular
515,Keya Kumer,bavahritik@example.net,Lucknow,Uttar Pradesh,2025-06-13,New
516,Chanakya D’Alia,ysawhney@example.org,Bengaluru,Karnataka,2024-08-19,Regular
517,Urvi Dua,adityamitra@example.com,Pune,Maharashtra,2023-11-14,Regular
518,Zinal Madan,omyacheema@example.net,Kolkata,West Bengal,2023-05-13,Regular
519,Barkha Comar,tankrushil@example.net,Chennai,Tamil Nadu,2024-07-26,Regular
520,Adya Virk,ishitarout@example.com,Pune,Maharashtra,2025-04-12,New
521,Balveer Taneja,vasananarayanan@example.org,Nagpur,Maharashtra,2025-04-28,Regular
522,Agastya Chakraborty,takmanthan@example.org,Kochi,Kerala,2025-07-23,Regular
523,Harrison Kunda,tanmayiminhas@example.com,Kochi,Kerala,2024-11-17,Regular
524,Chandresh Chaudhry,balveermannan@example.com,Pune,Maharashtra,2023-01-19,New
525,Pooja D’Alia,bathaditya@example.org,Delhi,Delhi,2023-12-16,Regular
526,Falguni Parmar,uloyal@example.org,Delhi,Delhi,2023-05-21,VIP
527,Hema Goswami,rattanmugdha@example.com,Chennai,Tamil Nadu,2025-05-14,Regular
528,Lekha Sridhar,hganesan@example.org,Jaipur,Rajasthan,2025-02-28,Regular
529,Nathaniel Chawla,zsubramanian@example.net,Nagpur,Maharashtra,2025-06-23,Regular
530,Pratyush Raghavan,ayush27@example.com,Kochi,Kerala,2023-12-11,Regular
531,Nisha Sastry,bhatnagaradvika@example.net,Lucknow,Uttar Pradesh,2024-01-21,VIP
532,Advik Vohra,hamsinivenkataraman@example.net,Mumbai,Maharashtra,2025-05-01,Regular
533,Rachita Kothari,qpal@example.net,Lucknow,Uttar Pradesh,2025-04-08,Regular
534,Manthan Bhagat,dugaryashasvi@example.com,Nagpur,Maharashtra,2024-03-24,VIP
535,Noah Borde,pnagi@example.com,Pune,Maharashtra,2024-11-23,Regular
536,Chandresh Tripathi,kritikarau@example.org,Ahmedabad,Gujarat,2024-09-17,Regular
537,Tripti Sawhney,fchakrabarti@example.com,Nagpur,Maharashtra,2025-03-13,Regular
538,Jagat Tank,chauhannetra@example.com,Jaipur,Rajasthan,2023-09-02,VIP
539,Aadi Chand,yashoda83@example.net,Ahmedabad,Gujarat,2025-07-14,Regular
540,Harita Patla,kapoorsuhani@example.com,Pune,Maharashtra,2024-11-25,Regular
541,Januja Sethi,chatterjeetristan@example.org,Ahmedabad,Gujarat,2024-04-17,Regular
542,Isha Manne,hitesh02@example.com,Jaipur,Rajasthan,2024-06-24,Regular
543,Nimrat Chhabra,rohan31@example.com,Mumbai,Maharashtra,2025-04-16,New
544,Tanvi Halder,hritik60@example.net,Lucknow,Uttar Pradesh,2023-05-22,New
545,Shravya Shankar,wishiagrawal@example.net,Ahmedabad,Gujarat,2025-06-14,Regular
546,Rachita Subramanian,oscardave@example.org,Bengaluru,Karnataka,2024-12-29,Regular
547,Ekanta Thaman,msahota@example.net,Bengaluru,Karnataka,2023-10-19,VIP
548,Anusha Rao,chaitaly72@example.org,Mumbai,Maharashtra,2023-10-07,Regular
549,Yauvani Mistry,teerth33@example.net,Kolkata,West Bengal,2023-04-04,Regular
550,Hemani Deo,yahvinaidu@example.net,Ahmedabad,Gujarat,2025-06-24,Regular
551,Indira Srinivasan,swalla@example.com,Hyderabad,Telangana,2024-02-29,VIP
552,Hredhaan Bakshi,ddhillon@example.net,Jaipur,Rajasthan,2024-01-18,VIP
553,Ryan Loke,bhavinikrishna@example.org,Bengaluru,Karnataka,2024-01-19,VIP
554,Chakrika Jani,parmersneha@example.org,Pune,Maharashtra,2025-08-11,New
555,Lopa Khanna,champak66@example.com,Nagpur,Maharashtra,2024-10-27,Regular
556,Chatura Arya,samaksh97@example.org,Mumbai,Maharashtra,2023-05-21,VIP
557,Ronith Hari,saumya21@example.org,Ahmedabad,Gujarat,2024-12-13,Regular
558,Yoshita Dar,bbaria@example.com,Nagpur,Maharashtra,2024-04-25,New
559,Kalpit Dyal,abdul57@example.net,Bengaluru,Karnataka,2023-01-20,VIP
560,Balveer Dube,charan94@example.com,Mumbai,Maharashtra,2024-07-15,Regular
561,Elijah Nadkarni,qarinverma@example.org,Lucknow,Uttar Pradesh,2024-06-24,Regular
562,Ojasvi Yadav,wchanda@example.org,Chennai,Tamil Nadu,2023-09-01,VIP
563,Garima Narula,chaaya39@example.net,Hyderabad,Telangana,2023-09-02,Regular
564,Aditya Contractor,sanaya39@example.net,Ahmedabad,Gujarat,2023-03-06,VIP
565,Balveer Nagi,ycomar@example.com,Ahmedabad,Gujarat,2024-09-03,Regular
566,Aryan Varughese,yoshita87@example.com,Kochi,Kerala,2024-06-11,Regular
567,Chaman Hans,yoshita11@example.org,Nagpur,Maharashtra,2023-05-28,VIP
568,Dominic Kade,paninichawla@example.org,Hyderabad,Telangana,2024-09-21,Regular
569,Ekbal Dube,sharafgarima@example.org,Lucknow,Uttar Pradesh,2024-03-02,VIP
570,Ethan Bhagat,zayanbobal@example.net,Kochi,Kerala,2023-03-29,Regular
571,Aarna Reddy,oseshadri@example.com,Jaipur,Rajasthan,2024-07-11,Regular
572,Diya Badal,idani@example.org,Jaipur,Rajasthan,2024-07-21,New
573,Chakradev Bora,yadavi14@example.net,Ahmedabad,Gujarat,2023-02-14,Regular
574,Gabriel Manda,zraj@example.net,Chennai,Tamil Nadu,2025-02-04,New
575,Urvi Dugar,labanraman@example.net,Bengaluru,Karnataka,2023-12-20,VIP
576,Maanas Misra,advay88@example.org,Kochi,Kerala,2024-10-05,New
577,Benjamin Ahluwalia,jyogi@example.org,Lucknow,Uttar Pradesh,2025-01-22,Regular
578,Shivansh Padmanabhan,nitaravala@example.org,Mumbai,Maharashtra,2023-02-15,Regular
579,Qarin Kant,rishi12@example.net,Kochi,Kerala,2023-06-29,Regular
580,Triya Bora,ekalinga41@example.org,Nagpur,Maharashtra,2024-05-05,Regular
581,Ganga Parikh,wahabchaudhry@example.com,Bengaluru,Karnataka,2025-01-03,Regular
582,Rishi Nadkarni,vseshadri@example.net,Ahmedabad,Gujarat,2023-02-07,VIP
583,Michael Patla,priya20@example.com,Hyderabad,Telangana,2025-03-21,New
584,Timothy Sarin,jagvi25@example.com,Hyderabad,Telangana,2023-11-20,Regular
585,Sanaya Parmer,vidhi81@example.org,Jaipur,Rajasthan,2024-04-29,VIP
586,Avni Dey,adyabose@example.net,Kochi,Kerala,2023-07-15,VIP
587,Anirudh Tripathi,ravelsimon@example.org,Hyderabad,Telangana,2025-06-05,Regular
588,Urmi Dixit,manya39@example.net,Chennai,Tamil Nadu,2023-05-08,Regular
589,Krish Shetty,ranganathanjanuja@example.net,Kolkata,West Bengal,2025-01-31,Regular
590,William Gandhi,sanayadutta@example.org,Kolkata,West Bengal,2023-12-14,Regular
591,Veda Parmer,kandavinaya@example.org,Ahmedabad,Gujarat,2024-01-12,Regular
592,Aishani Pingle,brijeshjhaveri@example.net,Bengaluru,Karnataka,2025-01-14,Regular
593,Lipika Singh,cbatra@example.net,Kolkata,West Bengal,2024-09-08,Regular
594,Harshil Verma,adya98@example.net,Mumbai,Maharashtra,2024-07-12,Regular
595,Krisha Radhakrishnan,faras84@example.com,Bengaluru,Karnataka,2023-03-23,VIP
596,Zaitra Ravi,hemani77@example.net,Chennai,Tamil Nadu,2023-11-10,Regular
597,Yachana Dewan,ogandhi@example.org,Mumbai,Maharashtra,2024-12-07,Regular
598,Siddharth Doctor,nakulpathak@example.net,Ahmedabad,Gujarat,2023-02-13,Regular
599,Victor Sachdeva,ishaan77@example.com,Lucknow,Uttar Pradesh,2024-03-21,VIP
600,Neel Roy,kohlicaleb@example.org,Hyderabad,Telangana,2023-03-18,Regular
601,Krish Vala,dindaksh@example.org,Jaipur,Rajasthan,2025-03-31,Regular
602,Pranit Varughese,ubahl@example.net,Mumbai,Maharashtra,2025-09-02,New
603,Frederick Kalita,esinha@example.org,Lucknow,Uttar Pradesh,2024-11-25,Regular
604,Nirja Dhar,yastilalla@example.org,Hyderabad,Telangana,2023-05-10,VIP
605,Sudiksha Biswas,kritikarajan@example.org,Kochi,Kerala,2024-01-11,Regular
606,Amol Jain,mdoctor@example.org,Hyderabad,Telangana,2024-09-11,New
607,Vamakshi Barad,chandervasatika@example.net,Ahmedabad,Gujarat,2025-08-29,Regular
608,Aarav Sankar,cprabhakar@example.net,Ahmedabad,Gujarat,2025-02-20,New
609,Veer Subramaniam,lpalla@example.net,Mumbai,Maharashtra,2024-06-26,Regular
610,Pavani Desai,vansha31@example.com,Pune,Maharashtra,2024-10-27,Regular
611,Aarini Gulati,amblejacob@example.net,Bengaluru,Karnataka,2023-01-27,Regular
612,Keya Jha,nilima51@example.org,Kolkata,West Bengal,2025-07-24,Regular
613,Zehaan Lal,npau@example.com,Chennai,Tamil Nadu,2025-03-04,Regular
614,Samar Sachdev,xgola@example.net,Ahmedabad,Gujarat,2023-08-08,Regular
615,Zehaan Mohanty,mitali21@example.net,Ahmedabad,Gujarat,2023-07-24,VIP
616,Sanya Edwin,kalayashoda@example.com,Bengaluru,Karnataka,2024-04-07,VIP
617,Charles Dyal,zahluwalia@example.org,Nagpur,Maharashtra,2024-03-31,Regular
618,Urishilla Saran,bhattadya@example.org,Pune,Maharashtra,2024-11-14,Regular
619,Fariq Barad,nrattan@example.net,Bengaluru,Karnataka,2024-07-17,Regular
620,Dakshesh Gill,asarna@example.org,Chennai,Tamil Nadu,2025-05-21,New
621,Robert Bandi,omkaarbanik@example.com,Nagpur,Maharashtra,2025-08-07,Regular
622,Aadi Dugar,majumdarmugdha@example.com,Mumbai,Maharashtra,2025-03-23,Regular
623,Nidra Iyer,biswasgautam@example.net,Delhi,Delhi,2023-05-05,Regular
624,Ijaya Palan,upkaar93@example.com,Delhi,Delhi,2025-03-20,Regular
625,Aayush Lal,niharikatoor@example.org,Pune,Maharashtra,2024-07-21,Regular
626,Yahvi Menon,jackson84@example.net,Ahmedabad,Gujarat,2025-04-02,Regular
627,Saanvi Purohit,wkohli@example.com,Mumbai,Maharashtra,2024-09-18,Regular
628,Triveni Bala,qdada@example.org,Bengaluru,Karnataka,2023-11-13,Regular
629,Thomas Karpe,nitara58@example.net,Ahmedabad,Gujarat,2024-06-22,Regular
630,Adya Kothari,girik65@example.org,Kolkata,West Bengal,2025-04-23,Regular
631,Vamakshi Murthy,tejas94@example.org,Mumbai,Maharashtra,2025-09-22,Regular
632,Wishi Iyengar,wyattlanka@example.org,Bengaluru,Karnataka,2024-04-05,Regular
633,Samaksh Krish,nachiket11@example.org,Mumbai,Maharashtra,2025-06-18,Regular
634,Abeer Basak,nprabhu@example.com,Jaipur,Rajasthan,2024-10-17,Regular
635,Anvi Swaminathan,yastimammen@example.com,Mumbai,Maharashtra,2024-03-19,Regular
636,Kabir Bhagat,isridhar@example.org,Bengaluru,Karnataka,2024-06-14,New
637,Meera Ghosh,sdara@example.net,Mumbai,Maharashtra,2023-06-15,VIP
638,Diya Anand,kadeladli@example.net,Nagpur,Maharashtra,2023-08-19,VIP
639,Eshana Pathak,rachit84@example.org,Jaipur,Rajasthan,2025-07-05,Regular
640,Urishilla Oza,qarin76@example.org,Bengaluru,Karnataka,2023-09-14,VIP
641,Kashish Patla,cmammen@example.org,Jaipur,Rajasthan,2023-10-09,VIP
642,Veer Chaudhry,warinder86@example.com,Chennai,Tamil Nadu,2024-09-21,Regular
643,Madhav Doctor,landra@example.com,Jaipur,Rajasthan,2024-10-18,New
644,Krish Varughese,vidhi44@example.net,Lucknow,Uttar Pradesh,2023-06-07,VIP
645,Mitali Chaudhary,darpankale@example.com,Lucknow,Uttar Pradesh,2025-01-07,Regular
646,Gopal Sengupta,abha55@example.net,Pune,Maharashtra,2025-05-12,Regular
647,Hemangini Bahri,wdara@example.net,Hyderabad,Telangana,2025-04-25,Regular
648,Owen Mane,ekta87@example.net,Bengaluru,Karnataka,2023-02-16,Regular
649,Farhan Raj,ubika22@example.net,Chennai,Tamil Nadu,2024-10-28,Regular
650,Oviya Ravel,buchneel@example.com,Lucknow,Uttar Pradesh,2024-03-02,New
651,Dipta Nadig,amara96@example.com,Kochi,Kerala,2024-07-12,Regular
652,Janani Verma,ksachdev@example.org,Chennai,Tamil Nadu,2024-05-09,VIP
653,Jeremiah Keer,fariq32@example.com,Kochi,Kerala,2024-02-20,VIP
654,Girish Bhatt,bbhagat@example.com,Bengaluru,Karnataka,2024-12-06,New
655,Hemang Lala,fradoramakrishnan@example.com,Ahmedabad,Gujarat,2024-03-01,Regular
656,Yug Mander,idate@example.net,Lucknow,Uttar Pradesh,2023-05-28,VIP
657,Ayush Banerjee,eshana77@example.net,Nagpur,Maharashtra,2023-11-23,Regular
658,Sai Deshmukh,tanmayisaran@example.net,Kolkata,West Bengal,2023-05-14,Regular
659,Idika Subramaniam,gauravsathe@example.com,Bengaluru,Karnataka,2023-11-23,VIP
660,Nitara Lad,chavvianne@example.org,Bengaluru,Karnataka,2023-10-01,New
661,Hemangini Mangat,awarrior@example.net,Hyderabad,Telangana,2023-10-25,Regular
662,Vansha Mistry,sanibrinda@example.net,Kolkata,West Bengal,2023-09-12,Regular
663,Abhimanyu Prakash,nishasarkar@example.com,Pune,Maharashtra,2025-08-14,Regular
664,Nihal Ramakrishnan,qkannan@example.org,Pune,Maharashtra,2023-07-14,Regular
665,Wriddhish Varughese,bhavani84@example.com,Jaipur,Rajasthan,2024-04-23,Regular
666,Ekapad Gopal,bimalachoudhry@example.net,Hyderabad,Telangana,2023-04-03,Regular
667,Sneha Magar,uguha@example.org,Delhi,Delhi,2023-08-09,New
668,Chandran Warrior,grewalharsh@example.com,Chennai,Tamil Nadu,2024-05-21,Regular
669,Jeremiah Sarma,kaulgautam@example.org,Kochi,Kerala,2024-04-26,VIP
670,Wakeeta Kalla,osha47@example.com,Hyderabad,Telangana,2025-05-17,New
671,Azad Narayanan,dhingradaksh@example.com,Mumbai,Maharashtra,2025-06-22,Regular
672,Ekbal Singhal,rehaankrishna@example.com,Pune,Maharashtra,2025-02-21,Regular
673,Jairaj Kothari,psavant@example.net,Hyderabad,Telangana,2024-02-15,VIP
674,Rushil Sharma,vermasathvik@example.com,Jaipur,Rajasthan,2023-07-19,Regular
675,Devika Naidu,brijeshverma@example.org,Kolkata,West Bengal,2024-05-31,Regular
676,Vasana Misra,jalsaben@example.net,Lucknow,Uttar Pradesh,2024-11-27,Regular
677,Isaiah Keer,anair@example.org,Mumbai,Maharashtra,2025-09-25,New
678,Jagdish Randhawa,adityabasak@example.net,Pune,Maharashtra,2025-03-24,Regular
679,Mohammed Prabhu,kotharinakul@example.com,Jaipur,Rajasthan,2025-08-19,Regular
680,Hamsini Bhasin,parekhmitesh@example.net,Mumbai,Maharashtra,2023-07-23,Regular
681,Jeremiah Sura,edhithapalan@example.com,Hyderabad,Telangana,2023-02-16,VIP
682,Ansh Purohit,krish40@example.com,Nagpur,Maharashtra,2023-12-08,Regular
683,Chaitaly Suri,rachitpall@example.com,Mumbai,Maharashtra,2024-09-12,Regular
684,Anvi Dyal,walimohammed@example.com,Mumbai,Maharashtra,2023-12-02,Regular
685,Adya Peri,xacharya@example.net,Kolkata,West Bengal,2024-09-23,Regular
686,Qasim Bahl,william51@example.net,Chennai,Tamil Nadu,2024-08-30,Regular
687,Ranveer Viswanathan,ndube@example.com,Jaipur,Rajasthan,2024-06-29,Regular
688,Nimrat Nagy,charekalinga@example.org,Lucknow,Uttar Pradesh,2023-11-03,New
689,Pranav Balay,hredhaansunder@example.org,Pune,Maharashtra,2024-11-20,New
690,Azad Rama,nvora@example.net,Kolkata,West Bengal,2024-08-20,Regular
691,Chandran Peri,ekavirarya@example.org,Nagpur,Maharashtra,2025-06-12,Regular
692,Fariq Sidhu,patelojasvi@example.com,Hyderabad,Telangana,2024-09-03,Regular
693,Amaira Wadhwa,bobaldaksha@example.org,Kochi,Kerala,2025-03-12,Regular
694,Zilmil Chatterjee,kashyaplekha@example.org,Lucknow,Uttar Pradesh,2024-08-14,Regular
695,Yuvraj Gola,xcherian@example.net,Hyderabad,Telangana,2024-08-20,Regular
696,Tara Sane,ganesanpranit@example.net,Jaipur,Rajasthan,2024-10-06,Regular
697,Yamini Nazareth,saanvipandey@example.com,Kolkata,West Bengal,2023-06-01,Regular
698,Kamya Sachar,mnaik@example.org,Lucknow,Uttar Pradesh,2025-08-28,Regular
699,Keya Kumar,sneha76@example.org,Delhi,Delhi,2023-01-20,Regular
700,Bhavani Babu,chasmumahuja@example.com,Kolkata,West Bengal,2024-12-08,Regular
